Employee_id,First_Name,Last_Name,Gender,Salary,Date_of_Birth,Age,Country,Department_id,Date_of_Joining,Manager_id,Currency,End_Date
1379,Klarrisa,Caile,Female,123945,08/09/1980,33,Australia,4,13/05/2003,4,USD,17/08/2006
1144,Rosemaria,Shieldon,Female,105777,16/08/1987,25,Australia,19,09/06/2000,6,USD,09/12/2011
1023,Biddie,Paolone,Male,113582,17/10/1981,36,UAE,2,07/06/2007,10,USD,17/11/2018
1437,Abner,Ellerington,Male,112349,24/08/1990,38,Germay,5,23/02/2011,1,USD,28/11/2018
1247,Nils,Ilyinski,Female,111907,27/03/1986,29,Canada,4,27/05/2003,3,USD,20/05/2006
1128,Patrizius,Sanpher,Female,146209,08/02/1995,65,UAE,12,20/01/2010,1,USD,17/08/2012
1373,Lindy,Copestick,Female,104192,10/08/1986,50,Sweden,1,15/05/2011,2,USD,13/05/2016
1442,Allegra,Syseland,Female,100917,14/04/1998,63,Denmark,7,05/10/2010,6,USD,25/05/2010
1042,Trude,Phippen,Male,131623,30/05/1991,64,Sweden,2,12/10/2004,4,USD,12/09/2013
1324,Sidoney,Kenzie,Female,132287,28/09/1987,38,Denmark,9,21/04/2003,8,USD,15/03/2006
1396,Vickie,Dawidowitsch,Female,126026,07/11/1982,57,Japan,6,09/11/2006,3,USD,17/10/2012
1329,Melonie,Allsworth,Male,93550,16/09/1980,26,Japan,18,14/10/2007,6,USD,22/10/2012
1399,Tracy,Hake,Male,123447,11/11/1987,60,USA,11,01/03/2006,2,USD,17/04/2012
1150,Gilda,Carlino,Female,136335,15/06/1992,39,Australia,11,25/07/2014,4,USD,26/10/2013
1385,Luci,Layne,Male,119403,04/04/1990,58,Australia,19,15/06/2011,8,USD,29/04/2016
1102,Hailey,Endecott,Female,100668,19/03/1989,57,Germay,10,15/07/2015,7,USD,18/02/2001
1253,Duffy,Cocke,Male,112961,27/05/1989,25,Germay,19,18/02/2011,6,USD,13/01/2007
1365,D'arcy,Lumsdaine,Male,132543,21/04/1998,59,China,5,29/09/2008,9,USD,26/10/2014
1383,Lind,Mournian,Female,103631,11/06/1988,51,Japan,9,06/07/2000,10,USD,11/06/2011
1175,Marlene,Heinssen,Female,137076,17/06/1999,57,Denmark,14,25/01/2013,10,USD,13/07/2011
1359,Nancie,Georgins,Male,143628,19/12/1999,28,UAE,5,02/05/2014,2,USD,23/12/2008
1429,Victoria,Siburn,Male,121823,02/09/1981,47,Japan,6,08/04/2005,5,USD,24/03/2017
1056,Orin,Grund,Female,103615,31/01/1996,48,Brazil,18,13/09/2007,10,USD,14/06/2004
1323,Darb,Flooks,Male,142894,02/08/1993,44,China,2,02/02/2009,8,USD,06/09/2011
1404,Karalee,Swinbourne,Female,124532,15/12/1991,43,USA,20,14/02/2004,5,USD,01/01/2013
1466,Leisha,Gowthorpe,Female,82027,30/03/1997,30,Denmark,18,06/12/2001,4,USD,25/02/2016
1462,Ketty,Cotelard,Female,111575,28/03/1983,26,Japan,2,17/04/2009,6,USD,09/06/2016
1236,Norrie,Andreaccio,Male,126493,28/11/1993,60,India,10,20/08/2008,7,USD,08/10/2000
1119,Guntar,Collington,Female,88356,14/03/1984,63,Japan,16,16/04/2009,7,USD,31/07/2000
1160,Kylila,Bugdell,Male,109782,04/09/1988,64,China,6,05/06/2015,10,USD,15/06/2018
1275,Shep,Woodsford,Male,140726,21/08/1998,24,Germay,7,18/04/2007,3,USD,17/04/2013
1364,Simmonds,Denyukhin,Female,138014,04/04/1980,31,Australia,20,08/11/2007,3,USD,05/02/2016
1132,Allyce,Kilmister,Female,149933,14/12/1983,60,India,18,09/12/2007,8,USD,16/11/2012
1040,Leoline,Linfoot,Male,90195,10/03/1988,59,Canada,2,19/11/2009,5,USD,27/09/2005
1484,Adelle,Fairbairn,Female,106472,27/03/1999,48,Canada,19,10/09/2008,10,USD,14/09/2013
1326,Lexis,Stockau,Female,136635,09/08/1990,47,Denmark,15,10/06/2015,4,USD,31/07/2000
1328,Prissie,Stoppard,Female,117883,07/01/1983,34,China,6,21/04/2017,10,USD,11/11/2007
1400,Rosalie,Alenichicov,Male,143431,31/07/1981,34,Denmark,9,25/08/2012,8,USD,28/08/2003
1008,Allys,Percifull,Male,134329,02/10/1983,61,Denmark,13,06/11/2004,8,USD,21/05/2017
1294,Seana,Dorn,Female,117284,06/06/1985,36,Brazil,4,24/02/2006,4,USD,23/10/2001
1160,Reagan,Wisson,Male,104618,08/07/1988,34,Australia,14,24/09/2001,3,USD,25/10/2016
1432,Tades,Cowitz,Male,115166,10/12/1989,23,Brazil,11,19/03/2003,6,USD,07/04/2003
1114,Isabelita,Scranny,Female,117104,16/10/1985,60,India,16,29/10/2009,9,USD,12/09/2003
1337,Irena,Orthmann,Male,126518,09/06/1995,34,Japan,15,30/12/2010,10,USD,07/07/2007
1203,Emlyn,Pygott,Male,136561,10/05/1998,32,USA,11,01/03/2016,3,USD,01/10/2002
1010,Emelen,Willacot,Female,86037,03/04/1997,28,Brazil,20,13/10/2014,10,USD,08/02/2003
1239,Gwennie,Skentelbery,Female,130831,11/03/1993,54,USA,10,13/01/2001,9,USD,10/05/2012
1053,Yardley,Brawn,Male,82019,14/08/1994,26,Australia,7,04/06/2008,6,USD,12/09/2009
1308,Briano,McGurk,Male,138516,07/02/1993,36,Denmark,14,25/07/2005,4,USD,25/10/2002
1061,Elane,MacCosty,Female,136792,10/05/1981,56,Sweden,12,07/10/2013,8,USD,30/05/2008
1239,Raimondo,Wife,Male,112306,11/02/1994,39,USA,1,22/01/2001,8,USD,13/03/2014
1448,Erik,Scottini,Male,97371,10/05/1989,23,Australia,1,17/01/2010,9,USD,26/09/2011
1187,Layney,O'Shavlan,Female,93148,04/02/1998,22,UAE,17,12/04/2003,3,USD,09/09/2016
1102,Fax,Bisson,Female,89591,07/05/1986,26,Denmark,4,11/11/2010,8,USD,16/10/2014
1075,Robbie,Eyers,Male,112912,15/03/1991,22,India,9,23/10/2008,3,USD,26/04/2013
1299,Marius,Conman,Female,80753,16/01/1985,36,Brazil,19,09/08/2003,9,USD,03/01/2006
1326,Sybil,Silkston,Male,124381,01/10/1982,45,USA,12,04/04/2014,3,USD,08/08/2016
1263,Devi,Pietranek,Female,149579,14/10/1995,37,USA,6,04/01/2007,4,USD,26/10/2012
1266,Tobi,Cadman,Male,85767,20/02/1984,23,Denmark,3,27/11/2016,6,USD,27/03/2001
1456,Ewart,Rotter,Male,108900,17/11/1993,47,Germay,17,28/10/2006,2,USD,25/12/2012
1325,Orin,Schafer,Male,91940,09/06/1987,47,Brazil,6,01/09/2003,3,USD,31/10/2002
1033,Ashely,Fincham,Female,106535,06/11/1984,23,Germay,9,12/10/2010,9,USD,22/07/2015
1181,Ashla,Courtes,Male,139602,14/02/1997,33,Canada,1,19/01/2010,8,USD,23/07/2015
1247,Even,MacCartan,Female,136475,22/04/1998,59,Japan,5,01/05/2008,4,USD,15/07/2007
1447,Vonnie,Beininck,Male,96209,11/02/1988,22,Canada,12,27/11/2017,5,USD,26/05/2011
1191,Benyamin,Hasely,Female,110901,29/10/1983,65,UAE,1,08/11/2013,10,USD,27/09/2003
1071,Mordecai,Crawshaw,Female,93877,14/11/1984,48,Sweden,11,19/01/2008,4,USD,21/03/2006
1457,Sarge,Garmon,Female,139781,08/02/1992,65,Australia,7,20/08/2009,8,USD,14/06/2017
1231,Nolly,O'Shevlan,Male,99174,13/11/1987,48,Japan,14,05/07/2013,5,USD,17/01/2010
1188,Farley,McGinnell,Female,91986,31/08/1991,34,Australia,6,30/12/2007,5,USD,12/05/2014
1356,Karl,Slarke,Male,110158,30/07/1983,65,Brazil,13,01/11/2010,5,USD,03/08/2015
1287,Ivan,Pettyfer,Female,118713,30/12/1983,35,Germay,11,30/11/2010,7,USD,02/01/2006
1115,Kylie,Josebury,Male,138957,29/11/1997,63,USA,8,04/06/2000,1,USD,17/10/2011
1470,Anthia,Winham,Male,117195,17/02/1989,27,UAE,6,14/10/2015,2,USD,27/07/2007
1402,Riannon,Lynnitt,Male,118866,12/02/1990,53,China,17,08/01/2011,5,USD,25/05/2014
1343,Vivianna,Blamphin,Female,141427,30/04/1981,47,Australia,19,06/03/2004,8,USD,11/10/2012
1039,Chaddie,Rutter,Male,88729,02/12/1989,53,Japan,16,01/12/2016,3,USD,27/08/2001
1158,Wendall,Bern,Female,128479,26/09/1983,43,China,4,26/10/2003,9,USD,25/08/2000
1104,Bud,Sigg,Male,97201,03/08/1984,49,Denmark,6,11/04/2012,1,USD,15/02/2007
1001,Fairleigh,Von Gladbach,Male,98618,15/09/1986,29,USA,5,03/02/2009,8,USD,24/12/2006
1155,Wheeler,Caldaro,Male,139603,04/04/1992,35,Germay,1,21/08/2008,9,USD,05/06/2003
1029,Xenos,Pawelke,Male,118484,25/04/1993,42,UAE,15,11/06/2017,4,USD,11/05/2010
1362,Aeriela,Whoston,Female,110194,05/12/1980,65,Brazil,10,25/07/2001,1,USD,19/02/2002
1282,Lay,Dimsdale,Female,142815,14/02/1981,32,USA,6,10/12/2013,1,USD,13/08/2012
1372,Tammara,Bergstrand,Male,105115,18/09/1997,63,Canada,18,07/02/2004,7,USD,23/10/2006
1419,Bunni,Folonin,Female,85743,13/02/1986,50,Germay,18,13/09/2004,4,USD,08/03/2017
1002,Alberta,Dawidowitsch,Male,124860,27/01/1998,51,Sweden,5,05/05/2014,4,USD,06/12/2012
1225,Winifield,Aiston,Female,91353,03/01/1985,56,Germay,17,22/06/2001,7,USD,10/09/2003
1455,Claudell,Windebank,Female,101909,14/11/1985,63,Sweden,4,19/01/2008,5,USD,08/07/2012
1160,Vera,Farrear,Male,88220,01/03/1981,61,Japan,12,23/06/2009,2,USD,30/12/2003
1051,Maren,Snozzwell,Female,131127,18/07/1992,32,Germay,7,28/01/2016,7,USD,30/03/2014
1415,Gerladina,Brithman,Male,105681,26/08/1998,55,Denmark,17,11/03/2011,3,USD,15/06/2007
1295,Alexis,L'Hommeau,Male,127230,18/04/1987,52,Canada,9,01/03/2013,9,USD,09/10/2003
1345,Antonino,Bavage,Female,123852,19/02/1996,43,Australia,11,07/12/2014,7,USD,31/03/2007
1257,Barnabe,Mungane,Female,132978,13/08/1987,60,Canada,14,06/05/2015,2,USD,01/06/2015
1094,Cari,Bettles,Female,114202,12/01/1988,49,Sweden,11,20/01/2013,6,USD,01/04/2009
1290,Jilli,Otson,Male,123325,03/02/1998,52,Canada,3,20/05/2000,2,USD,14/03/2014
1149,Ezekiel,Klulicek,Female,106119,19/11/1980,35,India,3,22/11/2014,4,USD,14/10/2009
1254,Audrie,Mariault,Female,149524,11/03/1990,56,Denmark,17,22/01/2016,1,USD,09/03/2003
1233,Staford,Hof,Female,106149,14/01/1991,53,Brazil,20,05/02/2004,10,USD,14/09/2009
1373,Ruthann,Reims,Male,96954,02/05/1985,28,UAE,12,16/01/2003,3,USD,30/03/2005
1176,Danica,Golda,Female,148160,22/11/1991,23,Japan,1,10/08/2000,7,USD,25/03/2018
1040,Carry,Pennicott,Male,100335,27/12/1992,54,Canada,16,13/10/2015,9,USD,21/07/2015
1252,Morse,Ceresa,Female,149800,28/01/1991,63,Japan,14,11/04/2004,2,USD,16/06/2004
1146,Anatole,Cosford,Female,137516,19/01/1998,60,UAE,7,03/08/2014,6,USD,16/01/2014
1336,Kamilah,Ollet,Female,118501,01/07/1998,49,Sweden,6,18/09/2017,9,USD,29/07/2003
1068,Shurlocke,Croll,Male,100616,20/12/1999,55,UAE,1,27/04/2004,8,USD,15/05/2018
1237,Franky,Wandrich,Female,148251,26/04/1992,29,Sweden,10,26/11/2001,2,USD,28/12/2017
1066,Mark,Bartaletti,Female,118930,17/02/1986,58,Germay,7,24/10/2010,5,USD,25/05/2018
1206,Aleece,Cattemull,Female,116260,19/01/1994,60,Canada,11,12/11/2012,5,USD,23/07/2002
1305,Izabel,McInulty,Female,85103,05/11/1999,42,Canada,3,27/11/2014,2,USD,17/09/2013
1364,Sal,Gulvin,Male,130933,26/10/1980,47,UAE,12,07/08/2005,7,USD,10/07/2012
1313,Burgess,Engelmann,Female,85402,27/02/1985,48,India,6,12/04/2014,3,USD,05/08/2013
1334,Melessa,Philippart,Male,127850,26/11/1998,27,UAE,4,08/01/2008,6,USD,30/12/2015
1198,Archy,Brouard,Male,124497,13/08/1986,26,Japan,10,09/12/2015,6,USD,22/09/2006
1184,Fleurette,Cambling,Female,90160,11/11/1985,24,China,4,14/08/2011,3,USD,08/08/2001
1273,Federica,Derx,Male,104005,27/08/1982,63,Brazil,16,15/10/2013,5,USD,06/05/2000
1037,Ben,Petrovic,Male,88451,09/11/1980,30,USA,10,17/01/2011,5,USD,12/07/2005
1175,Gaven,Grunnell,Male,83414,04/05/1983,56,Japan,8,19/10/2010,6,USD,14/02/2018
1290,Tamar,Hewkin,Female,113326,21/02/1998,52,Sweden,20,06/11/2014,10,USD,26/01/2018
1190,Lucine,Guerrero,Female,135839,05/07/1991,35,India,3,09/10/2003,8,USD,28/05/2005
1128,Roseann,Persehouse,Male,114950,09/03/1997,53,Sweden,5,31/10/2013,3,USD,14/10/2013
1354,Delmore,Raubenheim,Female,100500,11/12/1997,40,UAE,10,03/07/2004,8,USD,15/12/2012
1202,Julina,Geroldo,Male,111231,24/04/1997,49,Sweden,8,19/04/2015,8,USD,05/08/2016
1409,Carline,Tregent,Male,92008,25/07/1982,42,USA,19,08/06/2004,8,USD,31/12/2003
1236,Boothe,Longhi,Female,116570,23/10/1990,32,India,15,26/05/2008,4,USD,04/11/2010
1323,Veriee,Bealton,Female,138708,28/01/1988,31,Sweden,10,03/03/2002,7,USD,27/04/2009
1457,Zandra,Newcom,Male,124767,21/06/1986,24,UAE,5,24/09/2009,1,USD,27/10/2001
1146,Charo,O'Flannery,Female,114900,05/06/1981,26,UAE,3,26/07/2009,10,USD,16/03/2017
1048,Angelina,Soares,Female,125419,19/02/1986,31,Denmark,5,11/03/2014,6,USD,28/06/2001
1352,Ev,Casbon,Female,140626,29/11/1990,29,Japan,14,14/03/2012,2,USD,23/05/2016
1187,Daryle,Paladini,Male,83322,03/01/1997,48,Brazil,19,02/02/2012,8,USD,21/08/2003
1441,Lurleen,Parsley,Male,110513,04/05/1983,32,China,6,06/05/2010,6,USD,21/03/2004
1419,Merrile,Squirrel,Female,121231,27/06/1985,39,Denmark,5,13/08/2008,3,USD,18/07/2017
1044,Micheil,Claque,Female,131992,08/03/1999,51,India,7,15/03/2006,8,USD,21/03/2003
1080,Glendon,McOrkil,Female,111275,12/10/1981,29,China,8,03/05/2006,8,USD,15/01/2013
1227,Aimil,Mossom,Female,83835,09/10/1992,58,Brazil,2,12/06/2009,3,USD,07/11/2012
1281,Stefano,Hartopp,Female,92316,27/08/1992,59,Denmark,4,02/03/2003,7,USD,03/05/2002
1440,Cherianne,Dulling,Male,139684,01/12/1992,41,UAE,1,11/05/2006,4,USD,08/12/2009
1213,Sargent,Brant,Male,111707,10/08/1992,22,Brazil,7,19/02/2008,8,USD,21/01/2015
1381,Cassaundra,Gloy,Female,146320,05/07/1980,23,Germay,19,16/07/2017,2,USD,22/03/2016
1238,Vladimir,Crosetti,Female,113019,29/01/1986,48,India,13,01/04/2007,10,USD,14/11/2009
1410,Darya,Donisthorpe,Female,102527,12/08/1981,43,Denmark,9,31/07/2017,6,USD,05/12/2015
1470,Pammy,Weedenburg,Female,112323,03/01/1996,53,Japan,1,10/02/2013,2,USD,17/03/2002
1108,Emlynne,Wolffers,Female,134888,21/01/1986,41,Brazil,19,11/04/2007,3,USD,05/10/2007
1108,Darsey,Giorgione,Male,133896,06/06/1991,35,Japan,20,01/08/2009,3,USD,15/05/2008
1050,Heloise,Roff,Female,102542,01/02/1981,36,India,5,23/12/2016,7,USD,07/05/2001
1119,Chrissy,Ritmeyer,Male,113719,04/10/1994,32,India,18,12/07/2014,2,USD,20/07/2001
1003,Curt,Brame,Female,112098,01/06/1993,34,Germay,8,08/03/2012,2,USD,09/04/2013
1495,Kelly,Saller,Male,127599,27/09/1981,22,Denmark,1,04/07/2009,10,USD,11/05/2017
1473,Court,Calvey,Male,116518,25/01/1998,52,UAE,8,16/08/2016,7,USD,21/01/2017
1174,Stanwood,Peeke,Male,90919,21/08/1991,24,Sweden,9,23/01/2011,9,USD,04/02/2008
1495,Dolph,Janca,Female,139691,16/09/1993,57,UAE,9,14/12/2001,8,USD,17/01/2012
1433,Erich,Windaybank,Female,111161,13/06/1992,37,Germay,8,26/02/2004,4,USD,27/06/2008
1232,Everett,Wheatcroft,Male,102008,18/05/1983,25,Germay,12,09/08/2014,9,USD,13/05/2018
1207,Kin,Szymaniak,Female,93181,10/08/1990,64,China,18,10/08/2016,7,USD,28/02/2012
1191,Ruby,Conahy,Male,115426,02/10/1981,58,Canada,13,25/04/2016,10,USD,30/03/2013
1307,Wye,Tamas,Female,120127,28/02/1982,22,Sweden,3,09/03/2008,4,USD,16/06/2001
1189,Jane,Passby,Male,86122,09/06/1998,46,China,9,24/09/2014,2,USD,30/03/2011
1066,Farrand,Espinho,Male,125769,10/10/1986,40,UAE,16,24/04/2006,9,USD,09/09/2005
1481,Ailyn,Carleton,Male,107284,08/01/1991,62,Germay,12,28/07/2009,10,USD,20/06/2001
1214,Vallie,Huster,Male,111753,28/08/1985,33,India,16,17/11/2010,8,USD,01/08/2011
1146,Bridgette,Boice,Female,147749,29/04/1988,28,Japan,1,12/12/2004,10,USD,11/10/2012
1042,Heddie,Jaycox,Male,148912,22/02/1991,46,Denmark,3,07/09/2009,7,USD,24/08/2006
1188,Larry,Berisford,Female,87431,15/07/1995,50,Sweden,8,26/02/2008,9,USD,12/07/2018
1341,Benyamin,Tonner,Female,141124,30/01/1987,23,UAE,5,21/08/2000,10,USD,29/08/2004
1487,Lacey,Simonel,Female,103344,19/12/1997,55,Japan,1,24/11/2000,5,USD,28/07/2008
1323,Gerti,Fresson,Male,113934,02/04/1996,45,Denmark,8,05/11/2014,10,USD,09/04/2012
1457,Inga,Lathee,Male,105147,20/10/1990,48,Australia,11,22/01/2015,5,USD,05/02/2003
1466,Deanna,Meedendorpe,Male,112096,03/05/1998,33,Japan,15,10/02/2007,8,USD,04/05/2001
1410,Christoforo,Vest,Female,139071,02/10/1988,44,Denmark,11,02/04/2000,1,USD,22/03/2011
1238,Bianka,Girardot,Female,124751,24/09/1990,50,Sweden,3,12/04/2004,10,USD,08/02/2017
1177,Jerrome,Qusklay,Male,89849,06/05/1982,32,Australia,4,05/08/2016,7,USD,10/04/2012
1264,Ernestine,Ravelus,Female,149840,03/10/1980,47,India,12,13/02/2008,2,USD,20/07/2012
1221,Shirlene,Spragg,Female,97613,01/09/1980,45,UAE,3,04/04/2009,2,USD,26/04/2002
1172,Ray,Benezet,Male,116717,27/05/1993,57,Sweden,10,13/09/2003,3,USD,05/09/2002
1289,Theobald,Hallor,Male,85850,14/03/1997,40,Brazil,15,16/02/2002,8,USD,13/11/2003
1006,Gayler,Hostan,Female,98297,20/10/1986,48,India,1,26/09/2001,6,USD,14/06/2008
1283,Bobby,Fairey,Female,130180,13/07/1982,44,Denmark,8,22/12/2016,1,USD,20/09/2003
1240,Sharline,Joire,Male,106547,30/08/1982,39,Sweden,9,10/12/2003,2,USD,08/02/2001
1399,Nathaniel,Kramer,Male,146787,11/01/1993,60,Japan,10,07/08/2012,2,USD,12/04/2010
1387,Nolan,Millott,Female,117990,15/05/1985,30,UAE,10,17/10/2005,7,USD,27/01/2014
1294,Chevy,Rizzotto,Female,128368,01/05/1999,33,Denmark,2,22/04/2000,6,USD,08/12/2013
1454,Sonny,Fawcus,Male,140791,30/12/1980,37,Denmark,9,13/03/2015,3,USD,02/10/2017
1287,Welbie,McGowran,Male,83369,28/05/1990,65,Brazil,19,09/05/2010,4,USD,30/07/2015
1135,Lurline,Goldthorpe,Male,102784,20/01/2000,41,Sweden,6,06/10/2007,9,USD,22/02/2013
1280,Agretha,Monroe,Male,125853,07/07/1986,30,China,3,05/11/2014,3,USD,28/09/2008
1416,Farlee,Kinnane,Male,142434,15/02/1999,49,Japan,19,02/12/2016,10,USD,04/04/2001
1122,Kylila,Nilges,Female,117667,20/07/1986,57,Brazil,20,25/10/2005,5,USD,06/05/2008
1330,Kyle,Agutter,Male,109819,11/10/1994,63,Germay,9,07/08/2016,10,USD,03/11/2017
1450,Harlin,Raddish,Female,134908,20/11/1984,60,China,15,29/07/2007,3,USD,09/11/2013
1136,Darius,Carde,Female,114842,19/12/1994,40,Sweden,19,24/11/2004,5,USD,06/01/2005
1288,Merridie,Nowill,Male,130227,26/10/1988,23,Canada,2,08/03/2000,3,USD,02/12/2007
1217,Berkeley,Crigin,Female,115607,16/11/1998,35,Australia,10,27/03/2003,1,USD,25/09/2002
1099,Chryste,Rameau,Male,111519,29/09/1999,23,Australia,5,01/07/2014,6,USD,26/10/2013
1476,Thelma,Hiddy,Female,138176,28/12/1997,33,Japan,7,02/11/2011,3,USD,26/11/2001
1193,Katya,Worvill,Male,149532,07/01/1999,27,Germay,9,26/01/2004,9,USD,24/02/2001
1484,Gwenni,Claire,Male,109548,22/01/1993,43,India,4,11/10/2015,10,USD,10/08/2008
1023,Libby,Murkitt,Male,117903,16/03/1997,50,Sweden,20,19/09/2004,4,USD,28/02/2002
1054,Jaquenette,McGown,Male,148617,13/07/1983,46,Canada,19,10/12/2001,9,USD,13/11/2006
1323,Anne,Growcock,Male,131842,03/12/1986,64,Australia,9,24/02/2015,8,USD,13/10/2008
1068,Axel,Caren,Male,88125,19/08/1991,53,Japan,1,24/11/2005,6,USD,29/09/2013
1198,Livvyy,Sacks,Female,137424,23/08/1987,58,USA,15,20/07/2016,5,USD,02/04/2006
1141,Urbano,Litchfield,Female,125838,19/03/1998,25,Japan,8,23/05/2009,10,USD,03/06/2000
1443,Tomas,Boldt,Male,98793,28/09/1990,40,Australia,7,22/08/2003,9,USD,04/05/2018
1345,Michel,Adamec,Male,116209,22/04/1989,26,USA,14,10/05/2014,10,USD,06/04/2012
1281,Alec,Eckersley,Male,101265,05/08/1999,65,China,4,04/09/2010,3,USD,25/12/2004
1131,Elnar,Ducket,Female,123037,23/02/1981,25,Japan,11,26/07/2003,10,USD,14/02/2006
1378,Jule,Cason,Female,89394,03/01/1982,41,Sweden,14,10/11/2012,3,USD,10/12/2014
1142,Angelo,Shackleton,Male,105551,15/11/1982,63,Japan,9,14/06/2015,3,USD,07/11/2015
1258,Tulley,Harcus,Male,113709,10/10/1992,27,India,19,04/06/2016,10,USD,09/10/2001
1389,Adolphe,Wallman,Female,122027,17/01/1997,53,Japan,3,15/04/2012,3,USD,26/06/2004
1345,Loise,Corrigan,Male,92151,11/08/1992,26,USA,4,31/07/2011,6,USD,16/10/2011
1087,Tera,Icom,Female,114208,28/08/1996,62,USA,1,28/08/2000,3,USD,12/03/2008
1264,Dolph,Parsley,Male,105816,31/03/1983,49,India,5,22/05/2007,3,USD,10/01/2004
1247,Dwayne,Croney,Male,86704,13/12/1987,55,Brazil,20,24/02/2018,9,USD,26/04/2017
1249,Bernice,Alloisi,Male,116377,05/11/1998,58,Australia,12,03/12/2008,10,USD,13/09/2015
1485,Emmye,Renehan,Female,91665,25/06/1990,56,Sweden,2,24/12/2011,1,USD,23/12/2015
1450,Muriel,Darth,Female,132164,27/10/1982,51,Brazil,5,02/02/2016,5,USD,02/09/2000
1307,Cecilla,Afield,Male,139374,06/06/1984,31,UAE,17,06/11/2016,5,USD,26/01/2019
1184,Janel,Archanbault,Male,112907,10/07/1986,46,China,1,27/01/2011,10,USD,02/03/2003
1270,Alisander,Bromwich,Female,115380,31/12/1988,40,China,11,17/03/2008,7,USD,21/05/2004
1389,Sawyer,Khidr,Male,132010,21/04/1998,26,Australia,9,31/01/2010,2,USD,05/11/2011
1162,Bartholomew,Aimable,Male,101061,07/10/1991,58,Brazil,5,09/12/2010,5,USD,05/05/2002
1136,Jewel,Baddoe,Male,112170,11/06/1999,29,Japan,19,08/06/2015,2,USD,19/11/2012
1372,Sib,Borless,Male,118771,31/01/2000,65,Brazil,10,24/04/2006,10,USD,11/09/2006
1187,Wade,Bradforth,Female,98181,18/03/1988,43,Germay,2,12/01/2016,10,USD,31/12/2012
1221,Corbin,Turbern,Male,137513,14/10/1996,65,USA,19,14/07/2005,5,USD,22/04/2008
1386,Courtney,Tapton,Female,82971,30/03/1982,51,Canada,1,04/05/2012,6,USD,23/08/2018
1279,Francklyn,Longmore,Male,123169,28/12/1993,24,Canada,8,04/08/2005,7,USD,23/12/2001
1348,Maryrose,Ruggles,Female,89133,07/05/1988,54,Denmark,6,21/09/2004,5,USD,08/03/2018
1110,Brier,Stirley,Male,113485,19/09/1994,60,USA,16,24/02/2004,7,USD,16/08/2014
1007,Erin,Hathaway,Male,139817,18/07/1990,38,Sweden,3,08/04/2002,8,USD,20/11/2010
1282,Perle,Sandiford,Male,93422,05/02/1995,56,Australia,13,31/01/2009,10,USD,29/10/2018
1482,Elliott,Geraudel,Male,126472,20/05/1996,33,India,16,11/04/2007,6,USD,13/07/2017
1279,Alyssa,Juris,Male,140280,08/04/1988,39,Australia,14,03/10/2014,9,USD,22/08/2017
1257,Thor,Jedrzejczak,Male,143058,16/11/1996,40,Canada,5,13/08/2003,8,USD,21/09/2002
1028,Barnabe,Marquand,Female,110679,10/05/1993,52,Australia,17,18/08/2002,3,USD,18/06/2016
1317,Charmane,Stanaway,Male,80486,04/01/1998,24,India,3,16/01/2003,8,USD,20/06/2009
1125,Iosep,Sorro,Female,90837,15/06/1988,24,China,2,04/10/2017,3,USD,04/08/2018
1062,Beverly,Gilbey,Female,107661,05/03/1983,59,Canada,3,07/05/2004,4,USD,02/05/2006
1250,Bernie,Ross,Female,105686,28/10/1981,35,Japan,19,25/02/2003,9,USD,01/01/2001
1478,Boycey,Veelers,Female,130241,05/11/1991,60,USA,10,15/01/2014,8,USD,08/05/2004
1384,Virgie,True,Male,120168,02/09/1991,59,China,18,25/01/2010,1,USD,07/08/2006
1264,Kate,Fawdry,Female,100468,08/12/1994,24,Japan,7,14/02/2011,6,USD,20/03/2017
1221,Cory,Steers,Female,97238,03/06/1998,44,Japan,12,04/07/2016,6,USD,29/04/2011
1353,Roxana,Josovitz,Male,145129,19/04/1997,23,Brazil,4,14/04/2011,2,USD,21/03/2015
1199,Benetta,Abelwhite,Female,116107,04/04/1986,40,USA,4,30/07/2008,9,USD,14/05/2003
1022,Vito,Popping,Female,100843,31/07/1995,28,China,10,16/12/2016,10,USD,28/09/2014
1256,Bella,Stodd,Male,136317,23/01/2000,23,India,16,29/11/2015,6,USD,16/02/2013
1065,Petey,Keech,Female,121071,11/01/1999,28,China,17,01/03/2013,2,USD,27/02/2005
1106,Margalo,Cumber,Male,121378,16/10/1986,28,Germay,6,01/01/2015,2,USD,21/06/2006
1475,Lucky,Greenhaugh,Female,138397,08/01/2000,28,Australia,20,30/08/2003,3,USD,26/12/2009
1128,Phineas,Langland,Female,147263,05/01/1985,33,Denmark,10,13/11/2016,8,USD,21/10/2003
1458,Elijah,Stigger,Male,96644,23/10/1998,34,Denmark,17,01/08/2014,6,USD,21/02/2003
1315,Olympie,Janic,Female,136118,01/08/1983,55,USA,4,20/10/2004,10,USD,25/03/2010
1481,Heinrick,Soans,Male,134033,04/10/1999,65,China,14,13/09/2007,9,USD,06/07/2012
1022,Hewitt,Manvelle,Male,140334,16/03/1987,25,USA,13,09/01/2005,2,USD,09/02/2008
1420,Adelice,Meardon,Male,106026,10/11/1986,37,Denmark,11,09/01/2017,2,USD,09/04/2008
1489,Flemming,Pilipets,Female,83325,03/05/1982,55,Australia,10,24/06/2009,1,USD,01/06/2006
1172,Jedd,Jeavons,Female,85140,16/05/1998,53,Japan,6,01/07/2002,9,USD,12/06/2009
1300,Benedetto,Woolner,Female,142085,17/01/1982,50,Australia,6,09/07/2005,1,USD,21/12/2014
1415,Domini,Kilpatrick,Male,80573,14/10/1991,52,China,3,12/12/2012,4,USD,08/06/2004
1210,Les,Hetterich,Female,97431,03/01/1989,28,China,2,27/06/2006,6,USD,27/05/2004
1215,Zulema,Westwell,Male,96726,04/09/1987,47,Denmark,14,04/09/2012,10,USD,30/03/2000
1402,Stanleigh,Cinavas,Female,127370,09/08/1991,56,India,7,01/06/2007,3,USD,01/06/2018
1072,Mateo,Elstub,Male,87256,11/02/1991,36,Denmark,15,15/09/2003,8,USD,07/10/2013
1373,Mari,Tenny,Male,133352,22/04/1987,25,Germay,19,12/01/2008,8,USD,29/07/2012
1333,Roderick,O'Scanlon,Female,101338,14/11/1993,29,UAE,9,16/01/2012,4,USD,06/06/2007
1105,Mariellen,Leckie,Male,132133,13/11/1984,61,USA,3,24/02/2001,4,USD,02/08/2016
1363,Byrann,Woolfoot,Female,139298,08/11/1988,65,India,12,26/11/2005,8,USD,18/01/2010
1219,Lothaire,Stookes,Female,140162,28/08/1993,61,Sweden,9,12/08/2015,10,USD,17/04/2012
1430,Davine,Everall,Female,131813,03/12/1990,32,Australia,6,16/05/2000,4,USD,06/09/2013
1223,Clemente,Lugsdin,Female,133149,17/08/1990,50,Germay,9,13/09/2012,8,USD,27/04/2006
1259,Inessa,Longstaffe,Male,90117,18/12/1981,26,UAE,14,15/10/2011,3,USD,19/12/2001
1402,Matthus,Kildea,Male,89037,09/09/1985,48,Sweden,10,29/09/2015,6,USD,07/03/2018
1432,Herc,Morad,Male,87409,15/09/1983,58,Sweden,13,30/11/2012,10,USD,17/10/2002
1327,Dorena,Koubu,Male,137253,01/05/1996,34,India,12,29/11/2011,5,USD,25/10/2000
1291,Alix,Weedon,Male,125405,07/03/1991,27,Brazil,3,13/02/2011,4,USD,19/07/2017
1265,Kelsi,Iacovone,Male,140363,29/11/1994,49,UAE,7,01/10/2016,10,USD,24/10/2017
1085,Flori,Lambswood,Male,112022,29/01/1986,57,Sweden,8,15/01/2013,2,USD,11/03/2010
1158,Les,Thurby,Female,117087,19/06/1981,43,Japan,12,06/03/2004,4,USD,07/06/2018
1499,Albertine,Geibel,Male,124570,14/06/1985,44,Brazil,5,12/06/2001,7,USD,11/04/2011
1146,Linette,Archdeacon,Female,100308,05/03/1981,58,Japan,19,26/02/2008,3,USD,25/06/2006
1338,Eustacia,Aslet,Female,88287,30/07/1994,54,Japan,3,26/12/2000,4,USD,06/10/2008
1315,Zachery,Ducker,Female,144477,28/06/1989,55,Brazil,6,14/03/2001,6,USD,11/08/2014
1448,Marie-jeanne,Simonnet,Female,101279,25/12/1987,32,USA,9,16/09/2007,6,USD,02/10/2008
1214,Perla,Couves,Female,80014,25/04/1993,27,Australia,16,15/11/2009,10,USD,24/07/2008
1066,Drake,Seymour,Male,96445,21/04/1998,43,India,8,30/05/2004,5,USD,07/04/2005
1387,Netty,Do,Female,84733,08/10/1995,39,Germay,10,10/11/2007,4,USD,05/04/2003
1166,Nady,O'Fallon,Female,118405,14/02/1989,47,Australia,4,08/12/2005,1,USD,21/12/2005
1049,Fraser,Louedey,Female,90216,04/01/1992,22,Japan,9,21/04/2014,10,USD,16/02/2003
1389,Percy,Arrundale,Male,118509,30/07/1988,61,Denmark,17,06/12/2016,3,USD,24/01/2018
1046,Tanner,Pellingar,Male,131263,19/08/1992,64,Sweden,15,16/10/2001,1,USD,19/10/2016
1172,Alwyn,Denyukhin,Male,96756,04/07/1981,49,Japan,7,15/07/2001,4,USD,05/06/2002
1334,Aurel,Mates,Female,117098,15/12/1988,29,Germay,11,05/09/2003,10,USD,07/02/2002
1005,Cicily,Danilovich,Male,136692,21/06/1984,27,China,20,11/01/2007,7,USD,15/04/2011
1055,Kara,Prophet,Male,149113,04/08/1987,36,Brazil,4,11/11/2011,8,USD,11/09/2013
1095,Jesselyn,Weedon,Male,95145,01/06/1980,57,Japan,17,12/02/2012,8,USD,01/10/2009
1070,Hephzibah,Parradye,Male,119182,30/07/1988,46,Canada,20,16/04/2000,7,USD,25/05/2002
1095,Tamar,Wooles,Female,142794,20/04/1999,38,Japan,11,06/10/2014,7,USD,24/03/2009
1091,Felipe,Mulliss,Female,142167,22/08/1981,64,Brazil,8,13/10/2013,1,USD,15/04/2018
1231,Garvey,Crus,Female,137679,20/11/1982,34,Australia,6,22/12/2004,4,USD,22/05/2003
1049,Amara,Guiett,Female,82046,04/12/1980,54,Brazil,9,14/05/2001,1,USD,25/03/2012
1368,Keeley,Chidler,Female,103235,13/07/1980,48,Germay,12,14/11/2015,1,USD,13/04/2015
1273,Farrand,Gildroy,Male,104158,15/08/1989,30,Germay,17,07/05/2014,2,USD,11/11/2009
1394,Erasmus,Yegorkin,Female,91123,13/06/1993,34,Japan,11,22/03/2003,2,USD,30/04/2010
1104,Goldi,Oakland,Male,106203,08/07/1990,55,China,18,26/03/2008,2,USD,01/03/2005
1470,Arlina,Quilleash,Male,98010,04/11/1997,33,Brazil,10,23/03/2007,3,USD,07/06/2008
1237,Cecilius,Pashe,Male,86717,14/06/1989,43,Canada,14,05/05/2004,4,USD,27/07/2002
1147,Wren,Gallico,Male,119665,04/09/1989,48,Japan,6,23/02/2018,3,USD,23/05/2005
1261,Shandee,Durno,Male,127614,06/07/1992,43,Japan,7,30/09/2005,6,USD,11/08/2011
1122,Maryanne,Oxnam,Female,94149,13/02/1993,34,Sweden,19,11/12/2011,9,USD,11/12/2003
1190,Blayne,Judson,Female,137072,12/03/1990,39,Japan,14,01/01/2002,5,USD,07/12/2016
1166,Kendrick,Meneyer,Female,146458,30/03/1996,64,India,11,15/12/2005,2,USD,14/10/2009
1101,Enrica,Grisedale,Female,81901,20/05/1981,29,Australia,17,20/03/2007,2,USD,05/04/2012
1261,Dewain,Boxall,Male,120517,26/10/1996,50,UAE,17,03/08/2007,2,USD,22/02/2011
1102,Janis,Chippindall,Female,123017,17/12/1983,47,USA,19,18/11/2015,1,USD,25/05/2001
1347,Tarrah,Willimont,Female,146783,08/10/1993,31,Canada,9,21/07/2000,6,USD,18/02/2001
1203,Eleonora,Iacovucci,Male,93303,25/01/1988,41,China,10,17/06/2000,9,USD,24/09/2010
1190,Winslow,Weyland,Male,88312,20/11/1980,45,India,11,10/02/2003,7,USD,28/10/2009
1336,Gard,Oliveras,Male,117784,04/08/1988,63,India,15,23/06/2017,7,USD,27/12/2017
1270,Hilton,Ridge,Female,137862,12/09/1986,43,UAE,12,07/06/2012,3,USD,02/01/2014
1059,Rozele,Mannakee,Male,83079,11/05/1980,58,Brazil,12,29/03/2009,3,USD,29/07/2001
1204,Chico,Buist,Male,91565,25/10/1988,59,Brazil,6,18/05/2007,10,USD,07/06/2014
1076,Clarinda,Wisby,Female,112826,04/11/1989,65,UAE,15,21/02/2011,7,USD,30/05/2005
1357,Nani,Wadeling,Male,99347,12/12/1983,48,USA,19,01/11/2012,10,USD,15/02/2002
1487,Evania,Janousek,Female,82675,31/05/1986,46,India,13,21/05/2009,2,USD,13/10/2015
1096,Lazare,Bovingdon,Male,123875,04/09/1993,49,Denmark,15,12/08/2007,1,USD,16/01/2005
1201,Rhody,Verrills,Male,113789,21/06/1996,65,Germay,15,04/05/2013,6,USD,26/04/2012
1238,Kellie,Tollemache,Male,107556,29/04/1997,50,UAE,18,22/06/2002,9,USD,16/06/2001
1007,Mignonne,Mengue,Female,91664,30/05/1989,37,UAE,13,29/01/2005,10,USD,23/10/2015
1435,Desiree,McCurley,Male,131340,20/12/1984,23,Brazil,20,16/04/2017,5,USD,17/05/2005
1130,Milty,Rowcliffe,Female,82425,21/09/1981,25,USA,11,26/02/2018,3,USD,17/06/2015
1459,Aimil,Cumo,Male,122116,31/08/1988,22,UAE,17,24/07/2006,2,USD,07/08/2003
1280,Dan,Thorne,Female,120109,30/11/1998,58,Australia,20,10/04/2000,1,USD,03/08/2007
1228,Pat,Ridulfo,Female,125945,14/03/1992,55,Japan,11,15/04/2008,3,USD,28/11/2017
1281,Ebba,Courtois,Male,124944,26/03/1991,52,China,5,07/03/2012,5,USD,27/08/2008
1430,Jerrilyn,Grinishin,Female,136216,08/01/1988,35,USA,19,06/12/2000,1,USD,07/11/2003
1054,Calypso,Hoston,Female,129422,26/11/1994,46,India,12,27/06/2013,6,USD,14/11/2012
1244,Nikolaus,Carnalan,Female,102814,26/10/1989,23,Denmark,12,04/06/2005,6,USD,11/10/2001
1481,Esme,Chestle,Female,83397,23/04/1986,28,UAE,14,31/10/2000,9,USD,23/05/2001
1468,Nicolina,Champley,Male,143386,25/01/1988,50,Germay,5,21/07/2009,10,USD,02/08/2006
1077,Billie,Lowe,Female,123404,02/04/1996,41,Australia,11,15/11/2004,4,USD,14/04/2014
1158,Desmund,Wimsett,Female,124069,18/01/1992,45,USA,11,29/04/2014,2,USD,16/01/2011
1139,Ginny,Braiden,Female,111904,18/03/1989,48,Australia,14,15/07/2016,7,USD,14/10/2007
1219,Shaine,Birts,Female,101879,27/01/1995,22,Australia,3,31/01/2002,10,USD,08/07/2002
1439,Luce,Gierth,Female,92716,08/10/1997,27,USA,10,10/09/2016,7,USD,17/05/2008
1192,Kaila,Flecknoe,Female,135644,19/02/1984,37,USA,4,24/02/2015,1,USD,21/11/2009
1209,Cordy,Wohlers,Male,84466,16/07/1993,30,UAE,13,22/04/2011,1,USD,31/12/2012
1382,Bartie,Queen,Female,101404,13/04/1989,52,China,12,04/12/2004,2,USD,18/07/2014
1490,Dorree,Gilleon,Female,127139,07/01/1999,38,Denmark,8,21/06/2017,9,USD,13/04/2014
1042,Twila,Syder,Male,139281,09/08/1991,60,Germay,4,24/05/2007,7,USD,08/10/2006
1355,Lee,Spencook,Female,90623,27/06/1980,53,USA,14,21/09/2013,4,USD,01/10/2012
1219,Kienan,Blain,Male,136235,07/03/1993,42,UAE,4,08/02/2014,10,USD,28/10/2004
1219,Marinna,Andrivel,Male,140855,24/05/1980,38,USA,10,30/03/2013,7,USD,08/09/2003
1177,Chicky,Davidsen,Female,80099,11/04/1994,45,Japan,7,17/06/2004,8,USD,13/01/2003
1477,Jada,Surmeyer,Male,136941,20/02/1985,47,China,4,13/02/2010,3,USD,26/08/2009
1257,Isaiah,Corby,Female,147626,05/11/1981,55,Brazil,2,17/12/2013,6,USD,26/08/2000
1257,Rica,Jerzak,Female,109836,28/05/1987,59,Germay,7,11/09/2016,1,USD,16/12/2003
1479,Annie,Hargreves,Female,147006,03/11/1992,63,UAE,6,28/07/2004,10,USD,07/01/2003
1388,Anson,Debill,Female,121865,16/05/1992,58,Australia,7,18/03/2006,3,USD,08/06/2013
1472,Rosanne,Saunt,Male,117271,13/04/1980,30,India,14,13/08/2000,2,USD,25/09/2008
1395,Alma,Augie,Female,95223,06/10/1986,57,USA,19,21/11/2012,10,USD,14/02/2003
1449,Julius,Watford,Female,84022,30/01/2000,47,USA,9,21/06/2014,9,USD,04/02/2010
1441,Ricki,Endley,Male,103766,20/12/1999,46,Germay,6,02/06/2016,2,USD,04/11/2018
1278,Ericha,Howis,Female,134859,09/07/1993,41,Sweden,15,24/04/2003,2,USD,08/11/2009
1276,Vincent,Greatbank,Male,99592,14/05/1990,38,UAE,12,07/10/2011,5,USD,26/04/2017
1335,Milton,Trittam,Male,81772,31/12/1990,43,Japan,8,06/10/2006,10,USD,27/06/2009
1418,Abigael,Dawbery,Female,105530,04/03/1994,52,USA,13,12/11/2009,8,USD,20/09/2012
1290,Honoria,Chantillon,Male,115970,13/02/1988,34,Canada,2,28/07/2001,5,USD,25/07/2011
1264,Rodolph,Stairs,Male,149144,28/01/1989,51,Canada,5,29/06/2011,2,USD,14/01/2002
1130,Merrill,Marks,Female,136657,01/11/1989,28,Canada,16,11/02/2016,8,USD,12/08/2010
1107,Malvin,Southerell,Female,135832,09/12/1990,48,Denmark,6,24/12/2013,4,USD,11/04/2001
1463,Kata,Malins,Male,129880,05/09/1987,25,China,19,07/05/2001,6,USD,17/09/2008
1183,Katya,Dorkens,Female,139946,26/05/1986,56,Canada,11,07/06/2008,3,USD,08/05/2009
1257,Dorree,Abel,Female,87186,01/06/1980,60,Germay,11,25/09/2009,1,USD,25/05/2006
1396,Gwynne,Koch,Male,96971,24/12/1999,37,Brazil,15,15/08/2011,3,USD,18/12/2015
1186,Melinde,De Benedetti,Male,104553,15/04/1990,48,Canada,7,28/04/2007,9,USD,31/12/2003
1419,Lorry,Blaksley,Male,131167,25/12/1983,50,Denmark,4,15/10/2013,9,USD,02/03/2006
1136,Hastie,McKerlie,Female,122962,17/01/1998,56,Germay,15,08/02/2011,3,USD,16/10/2011
1448,Kamilah,Ianiello,Male,118123,29/04/1995,29,Canada,14,20/10/2013,10,USD,15/04/2012
1329,Wyatan,Kelf,Male,91566,10/09/1984,46,Canada,12,28/11/2008,7,USD,13/01/2010
1181,Axel,Rhodus,Male,90737,17/05/1991,45,USA,6,31/08/2015,10,USD,04/03/2002
1438,Engelbert,Whitwood,Female,86162,21/08/1986,42,China,19,28/02/2001,1,USD,22/06/2015
1324,Tobey,Leworthy,Female,99207,02/10/1995,44,Australia,6,20/09/2000,5,USD,29/09/2016
1254,Fairlie,Tupper,Male,107484,29/10/1987,25,Denmark,1,24/06/2000,9,USD,07/05/2006
1061,Kirstyn,Morhall,Male,149944,29/10/1991,40,Japan,2,22/11/2014,5,USD,18/07/2015
1022,Kylen,Lintott,Female,115174,18/10/1984,37,Germay,13,01/11/2004,9,USD,20/07/2004
1436,Killie,Plum,Female,135430,15/10/1983,65,Denmark,9,06/07/2005,8,USD,24/12/2017
1448,Jessy,Spalton,Female,137151,07/08/1991,35,USA,13,02/11/2014,5,USD,15/05/2014
1221,Agretha,Degnen,Female,121652,03/07/1986,23,India,14,03/06/2004,2,USD,01/03/2004
1443,Catie,Castro,Male,126748,27/06/1989,23,Japan,16,09/11/2000,2,USD,16/10/2004
1487,Joelynn,Dowdell,Male,107577,30/03/1997,39,China,6,02/08/2016,9,USD,07/01/2007
1048,Fanny,Clemendot,Male,91578,08/12/1989,27,Denmark,14,22/07/2004,6,USD,24/11/2011
1391,Flinn,Neller,Female,101493,26/09/1989,33,Sweden,6,08/11/2014,8,USD,23/02/2018
1336,Cilka,Allardyce,Female,147552,21/08/1998,47,Canada,12,21/01/2016,8,USD,17/10/2013
1057,Abbe,McGarahan,Male,97484,06/01/1988,22,Australia,4,19/07/2004,5,USD,09/04/2013
1451,Mozelle,Tettersell,Male,113296,24/09/1982,25,Denmark,13,13/08/2004,4,USD,04/03/2002
1401,Mellicent,Treweke,Male,141637,26/09/1990,25,Germay,1,15/01/2005,2,USD,28/02/2010
1236,Selby,Pestell,Male,143507,13/02/1994,44,UAE,11,16/03/2014,9,USD,24/07/2008
1056,Laurella,McKeller,Male,92842,03/12/1990,45,Germay,10,15/04/2015,3,USD,07/11/2008
1327,Clementina,Copcott,Male,98989,11/04/1984,32,UAE,3,07/12/2005,3,USD,29/03/2009
1118,Hayyim,Everit,Male,129215,02/06/1995,53,Sweden,17,18/10/2009,6,USD,03/09/2009
1235,Agata,Gyorgy,Male,140763,29/03/1987,47,UAE,13,26/11/2017,3,USD,28/05/2001
1281,Evey,Ungaretti,Male,95060,11/10/1991,33,Japan,16,25/08/2013,10,USD,11/02/2004
1488,Dietrich,Yurin,Female,82421,28/10/1999,54,Canada,15,07/05/2005,4,USD,25/11/2004
1059,Brendin,Adey,Female,119210,18/06/1998,51,China,14,30/10/2010,9,USD,07/05/2016
1043,Nolana,Seefus,Male,117300,09/08/1996,39,USA,19,10/05/2003,9,USD,28/07/2008
1499,Jermayne,Sinyard,Female,83211,15/05/1990,42,Denmark,17,14/09/2001,6,USD,04/08/2015
1358,Arther,Lewinton,Male,88775,07/05/1985,25,Canada,8,23/11/2010,6,USD,23/02/2004
1108,Jaynell,Fitchen,Female,113769,18/08/1998,23,UAE,11,17/12/2017,9,USD,13/05/2005
1147,Hermon,Galego,Male,121296,20/01/1987,30,Japan,12,25/05/2010,6,USD,24/04/2011
1205,Nicki,Arnley,Male,84645,25/02/1991,41,Japan,20,05/10/2000,1,USD,15/10/2014
1130,Shaylyn,Longhi,Male,103013,09/01/1989,31,India,14,30/05/2005,3,USD,28/09/2005
1386,Tamqrah,Tamlett,Male,108853,22/06/1983,31,Germay,2,14/11/2008,4,USD,13/10/2004
1099,Edgard,Bartlomieczak,Female,89701,17/01/1995,60,Brazil,12,12/02/2005,1,USD,01/09/2017
1202,Ardith,Antoney,Female,87812,07/12/1983,59,UAE,2,08/05/2001,3,USD,08/04/2009
1186,Benedicto,Lyle,Female,132630,14/06/1983,61,USA,6,06/07/2010,1,USD,12/09/2017
1224,Warden,Clethro,Male,100555,23/06/1980,50,Brazil,8,12/04/2003,7,USD,22/04/2017
1374,Nollie,Bamling,Male,121551,23/05/1985,32,Denmark,16,26/02/2011,9,USD,02/10/2014
1128,Shandie,Board,Male,108226,15/11/1987,36,Japan,4,12/06/2013,2,USD,10/09/2011
1019,Elnora,Vicarey,Female,126430,08/03/2000,58,USA,8,16/09/2006,8,USD,17/12/2018
1497,Keir,Ketteridge,Female,99972,30/10/1995,29,USA,15,27/03/2009,5,USD,05/06/2014
1183,Meridel,Birckmann,Male,89076,06/01/1983,46,UAE,12,10/05/2011,8,USD,27/02/2005
1277,Mikey,Johananov,Female,82690,05/08/1988,26,UAE,15,17/04/2013,3,USD,12/09/2012
1022,Shawn,Ulyatt,Male,80047,19/06/1984,56,Australia,4,10/05/2017,5,USD,01/03/2003
1303,Laureen,Carratt,Female,140570,10/10/1993,27,Japan,6,01/04/2006,6,USD,25/03/2011
1074,Midge,Hedon,Male,88461,11/11/1981,50,Germay,5,16/08/2013,1,USD,01/10/2012
1339,Cristiano,Shouler,Female,88776,29/01/1989,40,Australia,3,29/01/2009,3,USD,27/11/2016
1490,Nial,Pullman,Female,134474,04/10/1980,44,Canada,4,24/12/2000,9,USD,27/09/2011
1050,Dehlia,Cocker,Female,80438,11/06/1983,46,Canada,9,08/05/2004,8,USD,14/03/2008
1106,Amory,Rignoldes,Female,122715,03/04/1992,38,Germay,16,12/12/2002,7,USD,25/12/2014
1322,Sandy,Fontelles,Female,113416,09/06/1989,53,India,17,29/12/2008,6,USD,09/08/2010
1352,Adelbert,Whitcombe,Female,146921,01/06/1998,47,Denmark,9,19/12/2008,5,USD,25/12/2009
1062,Cyrillus,Lumsdall,Female,110731,01/04/1999,57,Germay,13,17/11/2000,5,USD,13/06/2003
1298,Nell,Esherwood,Female,133115,22/09/1998,48,Canada,1,06/06/2015,4,USD,05/02/2013
1273,Kalvin,Maude,Female,149868,08/06/1990,60,Canada,2,15/04/2008,7,USD,19/10/2010
1039,Brandie,Hitcham,Male,90612,17/03/1982,37,India,9,21/06/2016,2,USD,06/06/2004
1003,Fara,Treversh,Male,127646,06/10/1989,41,India,4,29/03/2009,5,USD,06/04/2006
1389,Miriam,Skelhorne,Female,109831,23/04/1982,36,Denmark,15,28/08/2005,8,USD,21/10/2002
1487,Rachele,Walton,Female,146578,25/02/1995,44,India,10,03/05/2009,7,USD,03/05/2000
1146,Bartolomeo,Thickens,Male,87335,12/05/1990,23,USA,10,05/06/2012,3,USD,01/11/2001
1031,Gun,Acom,Female,102473,20/11/1985,38,Germay,14,26/05/2005,10,USD,02/07/2016
1158,Baudoin,McKeurton,Female,91401,06/11/1998,26,Australia,4,24/04/2003,2,USD,03/09/2017
1441,Jena,Foyster,Male,149064,14/06/1996,50,China,17,25/08/2012,4,USD,01/04/2008
1286,Anthony,Stickler,Female,113493,04/04/1989,63,UAE,9,26/08/2010,2,USD,30/08/2016
1279,Miles,Manning,Male,125398,11/05/1988,27,China,3,05/01/2014,7,USD,21/06/2008
1030,Violette,Antonov,Female,117427,28/03/1991,56,Sweden,10,02/06/2006,8,USD,21/06/2010
1318,Niven,Klemps,Female,131527,17/06/1987,60,India,16,13/04/2016,3,USD,25/09/2005
1167,Imogen,Hubbuck,Female,105503,18/06/1985,23,Brazil,18,19/10/2001,4,USD,14/06/2008
1205,Theodora,Phelp,Female,144711,20/11/1982,30,UAE,12,22/04/2013,6,USD,04/01/2014
1178,Nedda,Davidovsky,Female,95177,14/03/1982,56,Japan,16,03/01/2009,6,USD,17/07/2013
1151,Upton,Trenbay,Female,138567,22/07/1990,25,UAE,19,13/01/2012,7,USD,20/06/2003
1111,Melosa,Quinsee,Male,147195,11/02/1983,54,Sweden,9,21/04/2012,2,USD,04/12/2016
1306,Eva,McQuarter,Male,107099,23/03/1980,65,Canada,5,10/05/2016,10,USD,09/05/2000
1169,Aluino,Nicol,Male,91266,08/06/1993,60,USA,5,29/09/2009,4,USD,29/09/2000
1493,Stepha,Chester,Male,147730,02/10/1989,50,Brazil,20,04/06/2007,9,USD,29/01/2008
1140,Aloysius,Studart,Male,141413,22/09/1997,45,UAE,8,09/01/2003,8,USD,12/07/2010
1111,Jordan,Spensly,Female,107852,08/08/1987,22,UAE,20,18/02/2014,7,USD,21/04/2013
1035,Patience,Shade,Female,137562,28/04/1987,42,Canada,5,21/02/2007,2,USD,25/06/2009
1060,Gertie,Piscotti,Male,103968,01/05/1988,51,Sweden,19,14/11/2012,3,USD,16/04/2015
1215,Andonis,Mytton,Female,142414,25/01/1999,42,Brazil,19,03/06/2005,6,USD,24/09/2017
1272,Genni,Lochhead,Male,129576,03/09/1986,23,Japan,2,21/02/2003,5,USD,04/01/2018
1298,Seward,Wogan,Female,122380,01/02/1995,60,UAE,4,18/01/2009,1,USD,28/01/2014
1085,Leon,Poyner,Male,94086,26/07/1982,54,Japan,11,26/04/2016,10,USD,08/12/2015
1093,Kerianne,Stockin,Female,102517,21/12/1998,44,Canada,15,28/10/2003,6,USD,12/08/2010
1127,Winnie,Cota,Female,100727,17/12/1996,44,Denmark,12,29/08/2008,1,USD,27/09/2010
1024,Connie,Huie,Male,142484,19/11/1996,55,India,8,16/04/2008,9,USD,26/12/2006
1394,Niels,Hantusch,Female,81603,25/08/1982,48,Japan,13,26/03/2006,4,USD,22/06/2017
1268,Cicily,Kemston,Female,93546,03/01/1983,39,Canada,2,06/03/2006,6,USD,08/09/2010
1166,Iorgos,Cordet,Female,109290,28/11/1992,30,Germay,20,31/05/2003,10,USD,15/05/2009
1303,Vitoria,Blanchard,Female,91684,16/07/1983,32,Japan,18,03/02/2007,7,USD,20/01/2005
1067,Adrienne,Boundley,Female,85986,09/05/1986,56,Sweden,13,16/02/2003,6,USD,19/03/2011
1165,Benedikt,Gush,Female,95328,15/05/1998,35,UAE,2,18/04/2010,1,USD,18/07/2006
1482,Terrence,Formie,Female,142206,23/08/1980,59,Germay,16,14/11/2004,9,USD,11/09/2016
1329,Albrecht,Kingsman,Male,143439,26/08/1986,47,Canada,3,08/02/2010,4,USD,20/07/2003
1266,Patin,Grealey,Female,98875,20/01/1981,22,Brazil,1,18/05/2010,10,USD,28/02/2003
1480,Archie,Banishevitz,Male,80646,13/04/1992,24,USA,6,29/12/2012,6,USD,14/09/2000
1377,Bridie,Chattock,Female,81563,09/07/1986,43,Canada,6,17/09/2007,2,USD,06/06/2018
1150,Shoshana,Roostan,Female,140264,06/10/1993,65,China,8,13/03/2002,10,USD,29/09/2015
1473,Brucie,Blackham,Female,144233,26/01/1993,45,Japan,14,30/12/2014,6,USD,07/02/2012
1216,Solly,Kirkwood,Female,111276,28/11/1984,62,USA,12,07/11/2008,1,USD,26/03/2008
1226,Marian,Maestro,Female,128729,01/08/1995,22,India,15,29/01/2015,2,USD,10/01/2018
1249,Ellie,Abdie,Female,109474,25/04/1998,59,India,9,26/12/2007,1,USD,28/09/2005
1005,Crin,McKue,Female,123933,03/07/1988,33,UAE,6,27/04/2000,7,USD,16/11/2004
1291,Ingrim,Fynes,Male,149308,15/10/1998,39,USA,12,22/01/2015,4,USD,09/08/2001
1283,Colas,Pinard,Male,100831,31/07/1992,56,Canada,2,25/02/2013,4,USD,25/02/2013
1486,Adena,Collopy,Female,133318,03/09/1987,39,Sweden,5,15/03/2007,8,USD,01/05/2018
1109,Hope,Wicks,Female,144025,13/09/1989,56,USA,18,27/11/2000,6,USD,16/12/2009
1469,Hewitt,Geator,Female,119434,08/02/1992,55,USA,9,12/07/2001,4,USD,14/07/2016
1244,Odessa,Dayer,Female,131080,03/04/1987,42,Canada,2,17/11/2010,5,USD,13/12/2001
1215,Killian,Pithie,Male,93801,07/04/1992,38,Denmark,2,16/01/2004,9,USD,25/10/2013
1326,Micheline,Haslin,Male,125195,24/01/1990,32,China,7,31/08/2007,9,USD,10/05/2000
1191,Athene,Lenard,Male,134169,06/08/1997,30,Japan,12,09/06/2002,9,USD,22/12/2000
1425,Cyrillus,Boothroyd,Female,104515,14/09/1998,42,UAE,18,04/05/2009,6,USD,18/08/2011
1479,Philis,Children,Male,131336,13/03/1996,35,Japan,16,27/01/2007,7,USD,29/05/2011
1135,Herschel,Held,Female,89827,19/11/1993,33,Australia,13,21/04/2005,9,USD,07/04/2016
1471,Tamar,Huddleston,Male,95862,18/08/1995,41,Brazil,9,16/11/2006,1,USD,17/07/2007
1122,Trudi,Olyet,Male,91355,16/03/1992,57,Brazil,4,01/11/2004,7,USD,25/06/2011
