{
    "$schema": "https://schema.management.azure.com/schemas/2015-01-01/deploymentParameters.json#",
    "contentVersion": "1.0.0.0",
    "parameters": {
        "factoryName": {
            "value": "smart-vehicles-adf-anuj2803"
        },
        "ls_AzureDataLakeStorageGen2_accountKey": {
            "value": ""
        },
        "ls_AzureSQL_Server_connectionString": {
            "value": ""
        },
        "ls_AzureKeyVault_properties_typeProperties_baseUrl": {
            "value": "https://smartvehicles-keyvault.vault.azure.net/"
        },
        "ls_AmazonS3_properties_typeProperties_accessKeyId": {
            "value": {
                "type": "AzureKeyVaultSecret",
                "store": {
                    "referenceName": "ls_AzureKeyVault",
                    "type": "LinkedServiceReference"
                },
                "secretName": "AmzonS3-AccessKeyID"
            }
        },
        "ls_AzureDataLakeStorageGen2_properties_typeProperties_url": {
            "value": "https://deepakgoyalsa.dfs.core.windows.net/"
        },
        "tr_Storage_Event_Trigger_For_JSON_properties_typeProperties_scope": {
            "value": "/subscriptions/08fc9ed1-93b9-4ec5-8c78-2bf4c54893d1/resourceGroups/deepak-goyal-rg/providers/Microsoft.Storage/storageAccounts/deepakgoyalsa"
        },
        "containerUri": {
            "value": ""
        },
        "containerSasToken": {
            "value": ""
        }
    }
}