{
    "$schema": "http://schema.management.azure.com/schemas/2015-01-01/deploymentTemplate.json#",
    "contentVersion": "1.0.0.0",
    "parameters": {
        "factoryName": {
            "type": "string",
            "metadata": "Data Factory name",
            "defaultValue": "smart-vehicles-adf-anuj2803"
        },
        "ls_AzureDataLakeStorageGen2_accountKey": {
            "type": "secureString",
            "metadata": "Secure string for 'accountKey' of 'ls_AzureDataLakeStorageGen2'"
        },
        "ls_AzureSQL_Server_connectionString": {
            "type": "secureString",
            "metadata": "Secure string for 'connectionString' of 'ls_AzureSQL_Server'"
        },
        "ls_AzureKeyVault_properties_typeProperties_baseUrl": {
            "type": "string",
            "defaultValue": "https://smartvehicles-keyvault.vault.azure.net/"
        },
        "ls_AmazonS3_properties_typeProperties_accessKeyId": {
            "type": "object",
            "defaultValue": {
                "type": "AzureKeyVaultSecret",
                "store": {
                    "referenceName": "ls_AzureKeyVault",
                    "type": "LinkedServiceReference"
                },
                "secretName": "AmzonS3-AccessKeyID"
            }
        },
        "ls_AzureDataLakeStorageGen2_properties_typeProperties_url": {
            "type": "string",
            "defaultValue": "https://deepakgoyalsa.dfs.core.windows.net/"
        },
        "tr_Storage_Event_Trigger_For_JSON_properties_typeProperties_scope": {
            "type": "string",
            "defaultValue": "/subscriptions/08fc9ed1-93b9-4ec5-8c78-2bf4c54893d1/resourceGroups/deepak-goyal-rg/providers/Microsoft.Storage/storageAccounts/deepakgoyalsa"
        },
        "containerUri": {
            "type": "string",
            "metadata": "URI to storage account containing linked ARM templates"
        },
        "containerSasToken": {
            "type": "string",
            "metadata": "Sas token to storage account containing linked ARM templates"
        }
    },
    "variables": {
        "factoryId": "[concat('Microsoft.DataFactory/factories/', parameters('factoryName'))]"
    },
    "resources": [
        {
            "name": "smart-vehicles-adf-anuj2803_ArmTemplate_0",
            "type": "Microsoft.Resources/deployments",
            "apiVersion": "2018-02-01",
            "properties": {
                "mode": "incremental",
                "templateLink": {
                    "uri": "[concat(parameters('containerUri'), '/ArmTemplate_0.json', parameters('containerSasToken'))]",
                    "contentVersion": "1.0.0.0"
                },
                "parameters": {
                    "factoryName": {
                        "value": "[parameters('factoryName')]"
                    },
                    "ls_AzureDataLakeStorageGen2_accountKey": {
                        "value": "[parameters('ls_AzureDataLakeStorageGen2_accountKey')]"
                    },
                    "ls_AzureSQL_Server_connectionString": {
                        "value": "[parameters('ls_AzureSQL_Server_connectionString')]"
                    },
                    "ls_AzureKeyVault_properties_typeProperties_baseUrl": {
                        "value": "[parameters('ls_AzureKeyVault_properties_typeProperties_baseUrl')]"
                    },
                    "ls_AzureDataLakeStorageGen2_properties_typeProperties_url": {
                        "value": "[parameters('ls_AzureDataLakeStorageGen2_properties_typeProperties_url')]"
                    },
                    "ls_AmazonS3_properties_typeProperties_accessKeyId": {
                        "value": "[parameters('ls_AmazonS3_properties_typeProperties_accessKeyId')]"
                    },
                    "tr_Storage_Event_Trigger_For_JSON_properties_typeProperties_scope": {
                        "value": "[parameters('tr_Storage_Event_Trigger_For_JSON_properties_typeProperties_scope')]"
                    }
                }
            },
            "dependsOn": []
        }
    ]
}