{
    "$schema": "http://schema.management.azure.com/schemas/2015-01-01/deploymentTemplate.json#",
    "contentVersion": "1.0.0.0",
    "parameters": {
        "factoryName": {
            "type": "string",
            "metadata": "Data Factory name",
            "defaultValue": "smart-vehicles-adf-anuj2803"
        },
        "ls_AzureDataLakeStorageGen2_accountKey": {
            "type": "secureString",
            "metadata": "Secure string for 'accountKey' of 'ls_AzureDataLakeStorageGen2'"
        },
        "ls_AzureSQL_Server_connectionString": {
            "type": "secureString",
            "metadata": "Secure string for 'connectionString' of 'ls_AzureSQL_Server'"
        },
        "ls_AzureKeyVault_properties_typeProperties_baseUrl": {
            "type": "string",
            "defaultValue": "https://smartvehicles-keyvault.vault.azure.net/"
        },
        "ls_AzureDataLakeStorageGen2_properties_typeProperties_url": {
            "type": "string",
            "defaultValue": "https://deepakgoyalsa.dfs.core.windows.net/"
        },
        "ls_AmazonS3_properties_typeProperties_accessKeyId": {
            "type": "object",
            "defaultValue": {
                "type": "AzureKeyVaultSecret",
                "store": {
                    "referenceName": "ls_AzureKeyVault",
                    "type": "LinkedServiceReference"
                },
                "secretName": "AmzonS3-AccessKeyID"
            }
        },
        "tr_Storage_Event_Trigger_For_JSON_properties_typeProperties_scope": {
            "type": "string",
            "defaultValue": "/subscriptions/08fc9ed1-93b9-4ec5-8c78-2bf4c54893d1/resourceGroups/deepak-goyal-rg/providers/Microsoft.Storage/storageAccounts/deepakgoyalsa"
        }
    },
    "variables": {
        "factoryId": "[concat('Microsoft.DataFactory/factories/', parameters('factoryName'))]"
    },
    "resources": [
        {
            "name": "[concat(parameters('factoryName'), '/ls_AzureKeyVault')]",
            "type": "Microsoft.DataFactory/factories/linkedServices",
            "apiVersion": "2018-06-01",
            "properties": {
                "annotations": [],
                "type": "AzureKeyVault",
                "typeProperties": {
                    "baseUrl": "[parameters('ls_AzureKeyVault_properties_typeProperties_baseUrl')]"
                }
            },
            "dependsOn": []
        },
        {
            "name": "[concat(parameters('factoryName'), '/ls_AzureDataLakeStorageGen2')]",
            "type": "Microsoft.DataFactory/factories/linkedServices",
            "apiVersion": "2018-06-01",
            "properties": {
                "annotations": [],
                "type": "AzureBlobFS",
                "typeProperties": {
                    "url": "[parameters('ls_AzureDataLakeStorageGen2_properties_typeProperties_url')]",
                    "accountKey": {
                        "type": "SecureString",
                        "value": "[parameters('ls_AzureDataLakeStorageGen2_accountKey')]"
                    }
                }
            },
            "dependsOn": []
        },
        {
            "name": "[concat(parameters('factoryName'), '/ls_AzureSQL_Server')]",
            "type": "Microsoft.DataFactory/factories/linkedServices",
            "apiVersion": "2018-06-01",
            "properties": {
                "annotations": [],
                "type": "AzureSqlDatabase",
                "typeProperties": {
                    "connectionString": "[parameters('ls_AzureSQL_Server_connectionString')]"
                }
            },
            "dependsOn": []
        },
        {
            "name": "[concat(parameters('factoryName'), '/ls_AmazonS3')]",
            "type": "Microsoft.DataFactory/factories/linkedServices",
            "apiVersion": "2018-06-01",
            "properties": {
                "annotations": [],
                "type": "AmazonS3",
                "typeProperties": {
                    "serviceUrl": "https://s3.amazonaws.com",
                    "accessKeyId": "[parameters('ls_AmazonS3_properties_typeProperties_accessKeyId')]",
                    "secretAccessKey": {
                        "type": "AzureKeyVaultSecret",
                        "store": {
                            "referenceName": "ls_AzureKeyVault",
                            "type": "LinkedServiceReference"
                        },
                        "secretName": "AmzonS3-SecretAccessKey"
                    },
                    "authenticationType": "AccessKey"
                }
            },
            "dependsOn": [
                "[concat(variables('factoryId'), '/linkedServices/ls_AzureKeyVault')]"
            ]
        },
        {
            "name": "[concat(parameters('factoryName'), '/ds_Sink_ADLS_json')]",
            "type": "Microsoft.DataFactory/factories/datasets",
            "apiVersion": "2018-06-01",
            "properties": {
                "linkedServiceName": {
                    "referenceName": "ls_AzureDataLakeStorageGen2",
                    "type": "LinkedServiceReference"
                },
                "parameters": {
                    "landingFolder": {
                        "type": "string"
                    }
                },
                "annotations": [],
                "type": "Json",
                "typeProperties": {
                    "location": {
                        "type": "AzureBlobFSLocation",
                        "folderPath": {
                            "value": "@dataset().landingFolder",
                            "type": "Expression"
                        },
                        "fileSystem": "input"
                    }
                },
                "schema": {}
            },
            "dependsOn": [
                "[concat(variables('factoryId'), '/linkedServices/ls_AzureDataLakeStorageGen2')]"
            ]
        },
        {
            "name": "[concat(parameters('factoryName'), '/ds_Staging_JSON')]",
            "type": "Microsoft.DataFactory/factories/datasets",
            "apiVersion": "2018-06-01",
            "properties": {
                "linkedServiceName": {
                    "referenceName": "ls_AzureDataLakeStorageGen2",
                    "type": "LinkedServiceReference"
                },
                "annotations": [],
                "type": "Json",
                "typeProperties": {
                    "location": {
                        "type": "AzureBlobFSLocation",
                        "folderPath": "staging",
                        "fileSystem": "input"
                    }
                },
                "schema": {
                    "type": "object",
                    "properties": {
                        "VehicleID": {
                            "type": "string"
                        },
                        "latitiude": {
                            "type": "number"
                        },
                        "longitude": {
                            "type": "number"
                        },
                        "City": {
                            "type": "string"
                        },
                        "temeprature": {
                            "type": "integer"
                        },
                        "speed": {
                            "type": "integer"
                        }
                    }
                }
            },
            "dependsOn": [
                "[concat(variables('factoryId'), '/linkedServices/ls_AzureDataLakeStorageGen2')]"
            ]
        },
        {
            "name": "[concat(parameters('factoryName'), '/ds_AzureSQLdb')]",
            "type": "Microsoft.DataFactory/factories/datasets",
            "apiVersion": "2018-06-01",
            "properties": {
                "linkedServiceName": {
                    "referenceName": "ls_AzureSQL_Server",
                    "type": "LinkedServiceReference"
                },
                "annotations": [],
                "type": "AzureSqlTable",
                "schema": [
                    {
                        "name": "VehicleID",
                        "type": "nvarchar"
                    },
                    {
                        "name": "Latitude",
                        "type": "decimal",
                        "precision": 18,
                        "scale": 0
                    },
                    {
                        "name": "Logitude",
                        "type": "decimal",
                        "precision": 18,
                        "scale": 0
                    },
                    {
                        "name": "City",
                        "type": "nvarchar"
                    },
                    {
                        "name": "Temprature",
                        "type": "int",
                        "precision": 10
                    },
                    {
                        "name": "Speed",
                        "type": "int",
                        "precision": 10
                    }
                ],
                "typeProperties": {
                    "schema": "dbo",
                    "table": "VehicleData"
                }
            },
            "dependsOn": [
                "[concat(variables('factoryId'), '/linkedServices/ls_AzureSQL_Server')]"
            ]
        },
        {
            "name": "[concat(parameters('factoryName'), '/ds_Amazon_S3_JSON_File')]",
            "type": "Microsoft.DataFactory/factories/datasets",
            "apiVersion": "2018-06-01",
            "properties": {
                "linkedServiceName": {
                    "referenceName": "ls_AmazonS3",
                    "type": "LinkedServiceReference"
                },
                "parameters": {
                    "folderPath": {
                        "type": "string"
                    }
                },
                "annotations": [],
                "type": "Json",
                "typeProperties": {
                    "location": {
                        "type": "AmazonS3Location",
                        "bucketName": "iotdata-anuj2803",
                        "folderPath": {
                            "value": "@dataset().folderPath",
                            "type": "Expression"
                        }
                    }
                },
                "schema": {
                    "type": "object",
                    "properties": {
                        "VehicleID": {
                            "type": "string"
                        },
                        "latitiude": {
                            "type": "number"
                        },
                        "longitude": {
                            "type": "number"
                        },
                        "City": {
                            "type": "string"
                        },
                        "temeprature": {
                            "type": "integer"
                        },
                        "speed": {
                            "type": "integer"
                        }
                    }
                }
            },
            "dependsOn": [
                "[concat(variables('factoryId'), '/linkedServices/ls_AmazonS3')]"
            ]
        },
        {
            "name": "[concat(parameters('factoryName'), '/pl_CopyData_ADLS_to_AzureDB')]",
            "type": "Microsoft.DataFactory/factories/pipelines",
            "apiVersion": "2018-06-01",
            "properties": {
                "activities": [
                    {
                        "name": "CopyData_ADLS_to_AzureDB",
                        "description": "CopyData_ADLS_to_AzureDB",
                        "type": "Copy",
                        "dependsOn": [],
                        "policy": {
                            "timeout": "0.12:00:00",
                            "retry": 0,
                            "retryIntervalInSeconds": 30,
                            "secureOutput": false,
                            "secureInput": false
                        },
                        "userProperties": [],
                        "typeProperties": {
                            "source": {
                                "type": "JsonSource",
                                "storeSettings": {
                                    "type": "AzureBlobFSReadSettings",
                                    "recursive": true,
                                    "wildcardFileName": "*.json",
                                    "enablePartitionDiscovery": false
                                },
                                "formatSettings": {
                                    "type": "JsonReadSettings"
                                }
                            },
                            "sink": {
                                "type": "AzureSqlSink",
                                "preCopyScript": "TRUNCATE TABLE [dbo].[VehicleData]",
                                "writeBehavior": "insert",
                                "sqlWriterUseTableLock": false,
                                "disableMetricsCollection": false
                            },
                            "enableStaging": false,
                            "enableSkipIncompatibleRow": true,
                            "logSettings": {
                                "enableCopyActivityLog": true,
                                "copyActivityLogSettings": {
                                    "logLevel": "Warning",
                                    "enableReliableLogging": false
                                },
                                "logLocationSettings": {
                                    "linkedServiceName": {
                                        "referenceName": "ls_AzureDataLakeStorageGen2",
                                        "type": "LinkedServiceReference"
                                    },
                                    "path": "input/rejected"
                                }
                            },
                            "translator": {
                                "type": "TabularTranslator",
                                "mappings": [
                                    {
                                        "source": {
                                            "path": "$['VehicleID']"
                                        },
                                        "sink": {
                                            "name": "VehicleID",
                                            "type": "String"
                                        }
                                    },
                                    {
                                        "source": {
                                            "path": "$['latitiude']"
                                        },
                                        "sink": {
                                            "name": "Latitude",
                                            "type": "Decimal"
                                        }
                                    },
                                    {
                                        "source": {
                                            "path": "$['longitude']"
                                        },
                                        "sink": {
                                            "name": "Logitude",
                                            "type": "Decimal"
                                        }
                                    },
                                    {
                                        "source": {
                                            "path": "$['City']"
                                        },
                                        "sink": {
                                            "name": "City",
                                            "type": "String"
                                        }
                                    },
                                    {
                                        "source": {
                                            "path": "$['temeprature']"
                                        },
                                        "sink": {
                                            "name": "Temprature",
                                            "type": "Int32"
                                        }
                                    },
                                    {
                                        "source": {
                                            "path": "$['speed']"
                                        },
                                        "sink": {
                                            "name": "Speed",
                                            "type": "Int32"
                                        }
                                    }
                                ]
                            }
                        },
                        "inputs": [
                            {
                                "referenceName": "ds_Staging_JSON",
                                "type": "DatasetReference",
                                "parameters": {}
                            }
                        ],
                        "outputs": [
                            {
                                "referenceName": "ds_AzureSQLdb",
                                "type": "DatasetReference",
                                "parameters": {}
                            }
                        ]
                    }
                ],
                "policy": {
                    "elapsedTimeMetric": {}
                },
                "annotations": []
            },
            "dependsOn": [
                "[concat(variables('factoryId'), '/datasets/ds_Staging_JSON')]",
                "[concat(variables('factoryId'), '/datasets/ds_AzureSQLdb')]",
                "[concat(variables('factoryId'), '/linkedServices/ls_AzureDataLakeStorageGen2')]"
            ]
        },
        {
            "name": "[concat(parameters('factoryName'), '/pl_Ingestion_S3_to_ADLS')]",
            "type": "Microsoft.DataFactory/factories/pipelines",
            "apiVersion": "2018-06-01",
            "properties": {
                "activities": [
                    {
                        "name": "Copy data from Amazon S3 to ADLS",
                        "type": "Copy",
                        "dependsOn": [
                            {
                                "activity": "Set variable1",
                                "dependencyConditions": [
                                    "Succeeded"
                                ]
                            }
                        ],
                        "policy": {
                            "timeout": "0.12:00:00",
                            "retry": 0,
                            "retryIntervalInSeconds": 30,
                            "secureOutput": false,
                            "secureInput": false
                        },
                        "userProperties": [],
                        "typeProperties": {
                            "source": {
                                "type": "JsonSource",
                                "storeSettings": {
                                    "type": "AmazonS3ReadSettings",
                                    "recursive": true,
                                    "wildcardFileName": "*.json",
                                    "enablePartitionDiscovery": false
                                },
                                "formatSettings": {
                                    "type": "JsonReadSettings"
                                }
                            },
                            "sink": {
                                "type": "JsonSink",
                                "storeSettings": {
                                    "type": "AzureBlobFSWriteSettings"
                                },
                                "formatSettings": {
                                    "type": "JsonWriteSettings"
                                }
                            },
                            "enableStaging": false
                        },
                        "inputs": [
                            {
                                "referenceName": "ds_Amazon_S3_JSON_File",
                                "type": "DatasetReference",
                                "parameters": {
                                    "folderPath": {
                                        "value": "@concat( '2023/',\n         formatDateTime(utcnow(),'MM'),'/',\n         formatDateTime(utcnow(),'dd'),'/'\n        )",
                                        "type": "Expression"
                                    }
                                }
                            }
                        ],
                        "outputs": [
                            {
                                "referenceName": "ds_Sink_ADLS_json",
                                "type": "DatasetReference",
                                "parameters": {
                                    "landingFolder": {
                                        "value": "@concat('landing/',formatDateTime(utcnow(),'yyy'),'/',\n                  formatDateTime(utcnow(),'MM'),'/',\n                  formatDateTime(utcnow(),'dd'),'/'\n                  )",
                                        "type": "Expression"
                                    }
                                }
                            }
                        ]
                    },
                    {
                        "name": "Set variable1",
                        "type": "SetVariable",
                        "dependsOn": [],
                        "policy": {
                            "secureOutput": false,
                            "secureInput": false
                        },
                        "userProperties": [],
                        "typeProperties": {
                            "variableName": "Variable",
                            "value": {
                                "value": "@concat(formatDateTime(utcnow(),'yyy'),'/',\n         formatDateTime(utcnow(),'MM'),'/',\n         formatDateTime(utcnow(),'dd'),'/'\n        )",
                                "type": "Expression"
                            }
                        }
                    }
                ],
                "policy": {
                    "elapsedTimeMetric": {}
                },
                "variables": {
                    "Variable": {
                        "type": "String"
                    }
                },
                "annotations": []
            },
            "dependsOn": [
                "[concat(variables('factoryId'), '/datasets/ds_Amazon_S3_JSON_File')]",
                "[concat(variables('factoryId'), '/datasets/ds_Sink_ADLS_json')]"
            ]
        },
        {
            "name": "[concat(parameters('factoryName'), '/tr_Storage_Event_Trigger_For_JSON')]",
            "type": "Microsoft.DataFactory/factories/triggers",
            "apiVersion": "2018-06-01",
            "properties": {
                "annotations": [],
                "runtimeState": "Started",
                "pipelines": [
                    {
                        "pipelineReference": {
                            "referenceName": "pl_CopyData_ADLS_to_AzureDB",
                            "type": "PipelineReference"
                        },
                        "parameters": {}
                    }
                ],
                "type": "BlobEventsTrigger",
                "typeProperties": {
                    "blobPathBeginsWith": "/input/blobs/staging/",
                    "ignoreEmptyBlobs": true,
                    "scope": "[parameters('tr_Storage_Event_Trigger_For_JSON_properties_typeProperties_scope')]",
                    "events": [
                        "Microsoft.Storage.BlobCreated"
                    ]
                }
            },
            "dependsOn": [
                "[concat(variables('factoryId'), '/pipelines/pl_CopyData_ADLS_to_AzureDB')]"
            ]
        }
    ]
}